<odoo>
	<data noupdate="1">
		<record id="vehicle_tracking_cron" model="ir.cron">
			<field name="name">Rastreo Automático de Vehículos</field>
			<field name="active" eval="True"/>
			<!--field name="user_id" ref="base.user_root"-->
			<field name="interval_number">1</field>
			<field name="interval_type">minutes</field>
            <field name="numbercall">-1</field>
            <field name="model">fleet.vehicle</field>
            <field name="function">vehicle_tracking_cron</field>
            <field name="priority" eval="5"/>
		</record>
	</data>
</odoo>